mpi_ranks,max_workers,makespan,speedup,efficiency,total_processes_or_workers,oversubscription_indicator
1,1,0.3889,1.0,1.0,1,WITHIN_PHYSICAL_CORES
1,2,0.2415,1.6104,0.8052,2,WITHIN_PHYSICAL_CORES
1,4,0.1845,2.1079,0.527,4,WITHIN_PHYSICAL_CORES
2,1,0.2481,1.5675,0.7838,2,WITHIN_PHYSICAL_CORES
2,2,0.1763,2.2059,0.5515,4,WITHIN_PHYSICAL_CORES
2,4,0.1906,2.0404,0.255,8,WITHIN_PHYSICAL_CORES
4,1,0.1765,2.2034,0.5508,4,WITHIN_PHYSICAL_CORES
4,2,0.1837,2.117,0.2646,8,WITHIN_PHYSICAL_CORES
4,4,0.2748,1.4152,0.0885,16,EXCEEDS_PHYSICAL_CORES
