method,mpi_ranks,workers,processing_time,total_time
ThreadPoolExecutor,1,1,0.0017,0.0098
ThreadPoolExecutor,1,2,0.0012,0.0059
ThreadPoolExecutor,1,4,0.0015,0.0065
ThreadPoolExecutor,2,1,0.0008,0.0054
ThreadPoolExecutor,2,2,0.0007,0.0029
ThreadPoolExecutor,2,4,0.0007,0.0033
ThreadPoolExecutor,4,1,0.0004,0.0023
ThreadPoolExecutor,4,2,0.0005,0.0023
ThreadPoolExecutor,4,4,0.0006,0.003
ProcessPoolExecutor,1,1,0.0014,0.1373
ProcessPoolExecutor,1,2,0.0015,0.1237
ProcessPoolExecutor,1,4,0.0013,0.1447
ProcessPoolExecutor,2,1,0.0008,0.1214
ProcessPoolExecutor,2,2,0.0008,0.1341
ProcessPoolExecutor,2,4,0.0011,0.1855
ProcessPoolExecutor,4,1,0.0004,0.1123
ProcessPoolExecutor,4,2,0.0005,0.153
ProcessPoolExecutor,4,4,0.0008,0.2585
