experiment_id,n_loader_threads,n_workers,q_max,total_files,total_time,throughput,avg_latency
1,1,1,4,120,0.200476,598.5745,0.00906
2,1,1,32,120,0.16886,710.6496,0.04226
3,1,2,4,120,0.139514,860.1281,0.007156
4,1,2,32,120,0.117493,1021.3383,0.029805
5,1,4,4,120,0.146329,820.071,0.007956
6,1,4,32,120,0.129114,929.4112,0.032604
7,1,14,4,120,0.258763,463.7445,0.0122
8,1,14,32,120,0.222964,538.204,0.038219
9,2,1,4,120,0.157005,764.3078,0.008176
10,2,1,32,120,0.202819,591.662,0.053249
11,2,2,4,120,0.125543,955.8493,0.007254
12,2,2,32,120,0.134142,894.5724,0.035199
13,2,4,4,120,0.133745,897.2298,0.008772
14,2,4,32,120,0.129795,924.537,0.035017
15,2,14,4,120,0.221091,542.762,0.016231
16,2,14,32,120,0.234028,512.7583,0.058355
17,4,1,4,120,0.175995,681.8372,0.011928
18,4,1,32,120,0.209976,571.495,0.056833
19,4,2,4,120,0.152182,788.5275,0.011322
20,4,2,32,120,0.128515,933.7402,0.035569
21,4,4,4,120,0.124376,964.814,0.010089
22,4,4,32,120,0.116613,1029.0457,0.032783
23,4,14,4,120,0.238661,502.8054,0.019833
24,4,14,32,120,0.215189,557.6501,0.059165
